Name,Sweep (T1),,,
Date,12/19/2024,,,
Time,09:21:32,,,
LATITUDE,-7,2,29.512,,
LONGITUDE,-38,16,1.354,,
ALTITUDE,367.0,,
Instrument,FPH - 103490/026,,,
Firmware Version,V2.40,,,
Country of Origin,Malaysia,,,
Instrument Mode,Spectrum Analyzer,,,
Meas Mode,Spectrum,,,
Uplink,- - -,,,
Downlink,- - -,,,
Channel,- - -,,,
Center Frequency,825000000,Hz,,
Frequency Offset,0,Hz,,
Span,1550000000,Hz,,
Ref Level,-20,dBm,,
Ref Offset,0,dB,,
Ref Position,1.00 ,,,
Range,100,dB,,
RF Attenuation,Auto Low Distortion,,,
RF Attenuator,0,dB,,
Pre-Amplifier,Off,,,
RF Input,50 Ω,,,
RBW,3000000,Hz,,
VBW,3000,Hz,,
SWT,0.431,s,,
Trigger Mode,Free Run,,,
Trigger Level,- - -,,,
Trigger Delay,- - -,,,
Trace Mode,Clear / Write,,,
Trace Math,Off,,,
Trace Detector,Auto Peak,,,
Primary Transducer,- - -,,,
Secondary Transducer,- - -,,,
Isotropic Antenna,Off,,,
Limit Line 1,- - -,,,
Result Limit Line 1,- - -,,,
Limit Line 2,- - -,,,
Result Limit Line 2,- - -,,,

Frequency [Hz],Maximum [dBm],Minimum [dBm],,
50000000,-81.6216659545898,-82.678955078125,,
52183098.5915493,-81.5493545532227,-82.9375228881836,,
54366197.1830986,-81.3101654052734,-82.9068908691406,,
56549295.7746479,-81.7964248657227,-83.0280914306641,,
58732394.3661972,-81.910400390625,-83.1939849853516,,
60915492.9577465,-81.7594146728516,-82.963134765625,,
63098591.5492958,-81.995231628418,-83.0172500610352,,
65281690.1408451,-81.889533996582,-82.8640899658203,,
67464788.7323944,-81.8869781494141,-83.1288986206055,,
69647887.3239437,-81.9534454345703,-83.3769073486328,,
71830985.915493,-82.0946884155273,-83.2210464477539,,
74014084.5070423,-82.0849914550781,-83.3033142089844,,
76197183.0985916,-81.5997467041016,-82.9966125488281,,
78380281.6901408,-81.5860824584961,-82.9754257202148,,
80563380.2816902,-81.8814392089844,-83.5630874633789,,
82746478.8732394,-82.0349807739258,-83.4376373291016,,
84929577.4647887,-82.0046615600586,-83.1562957763672,,
87112676.056338,-82.0575714111328,-83.3534240722656,,
89295774.6478873,-81.9512329101563,-83.0739974975586,,
91478873.2394366,-82.1609649658203,-83.249626159668,,
93661971.8309859,-82.1647796630859,-83.1643524169922,,
95845070.4225352,-82.0794677734375,-83.5264358520508,,
98028169.0140845,-82.1351547241211,-83.4127960205078,,
100211267.605634,-82.2047576904297,-83.5222702026367,,
102394366.197183,-82.3530578613281,-83.407829284668,,
104577464.788732,-81.9352493286133,-83.342041015625,,
106760563.380282,-82.1655120849609,-83.5420837402344,,
108943661.971831,-82.1406021118164,-83.1361618041992,,
111126760.56338,-82.2498931884766,-83.1565093994141,,
113309859.15493,-82.2267303466797,-83.4732818603516,,
115492957.746479,-82.1218719482422,-83.3778991699219,,
117676056.338028,-82.2817001342773,-83.2928848266602,,
119859154.929577,-82.0507202148438,-83.3910446166992,,
122042253.521127,-82.2365036010742,-83.4247665405273,,
124225352.112676,-82.1410598754883,-83.4691848754883,,
126408450.704225,-82.2491607666016,-83.4474945068359,,
128591549.295775,-82.4162139892578,-83.5849838256836,,
130774647.887324,-82.2739486694336,-83.5180740356445,,
132957746.478873,-82.4298248291016,-83.3971786499023,,
135140845.070423,-82.3420562744141,-83.3726272583008,,
137323943.661972,-82.6212158203125,-83.6910705566406,,
139507042.253521,-82.421272277832,-83.6611709594727,,
141690140.84507,-82.7285614013672,-83.6845779418945,,
143873239.43662,-82.2962417602539,-83.2923736572266,,
146056338.028169,-82.4039077758789,-83.6863327026367,,
148239436.619718,-82.5058746337891,-83.5420455932617,,
150422535.211268,-82.0477676391602,-83.742073059082,,
152605633.802817,-82.4323654174805,-84.1170883178711,,
154788732.394366,-82.681999206543,-83.9044876098633,,
156971830.985915,-82.4185409545898,-83.8415985107422,,
159154929.577465,-82.3139495849609,-83.6632843017578,,
161338028.169014,-82.3950805664063,-84.1725463867188,,
163521126.760563,-82.58251953125,-83.4760665893555,,
165704225.352113,-82.1934661865234,-83.1611175537109,,
167887323.943662,-82.2638244628906,-83.6322860717773,,
170070422.535211,-82.1632080078125,-83.7397308349609,,
172253521.126761,-82.4072494506836,-83.5650177001953,,
174436619.71831,-82.2614822387695,-83.5559234619141,,
176619718.309859,-82.5008239746094,-83.8599700927734,,
178802816.901408,-82.5134429931641,-83.7241058349609,,
180985915.492958,-82.2737121582031,-83.6915435791016,,
183169014.084507,-82.4891586303711,-83.533073425293,,
185352112.676056,-82.522705078125,-83.6545562744141,,
187535211.267606,-82.0460662841797,-83.9335250854492,,
189718309.859155,-81.9210891723633,-83.4192276000977,,
191901408.450704,-81.6282958984375,-83.0992279052734,,
194084507.042254,-82.2159805297852,-83.2689819335938,,
196267605.633803,-82.3627319335938,-83.2580261230469,,
198450704.225352,-82.2121658325195,-83.438362121582,,
200633802.816901,-82.1995010375977,-83.8003616333008,,
202816901.408451,-82.2050170898438,-83.395881652832,,
205000000,-82.5406494140625,-83.6879653930664,,
207183098.591549,-82.2370147705078,-83.5540313720703,,
209366197.183099,-82.0123596191406,-83.4502792358398,,
211549295.774648,-82.4163970947266,-83.5666809082031,,
213732394.366197,-82.4127426147461,-83.762939453125,,
215915492.957747,-82.4479904174805,-83.5801162719727,,
218098591.549296,-82.2144470214844,-83.4925842285156,,
220281690.140845,-82.5728454589844,-83.6656112670898,,
222464788.732394,-82.645751953125,-83.7472763061523,,
224647887.323944,-82.4920959472656,-83.5914993286133,,
226830985.915493,-82.6475677490234,-83.8265228271484,,
229014084.507042,-82.2859268188477,-83.6999816894531,,
231197183.098592,-82.2509689331055,-83.7864379882813,,
233380281.690141,-82.6583938598633,-83.596809387207,,
235563380.28169,-82.3899230957031,-83.7253265380859,,
237746478.873239,-82.4421539306641,-83.6632232666016,,
239929577.464789,-82.5283050537109,-83.4124221801758,,
242112676.056338,-82.4400863647461,-83.6397552490234,,
244295774.647887,-82.5873031616211,-83.7364044189453,,
246478873.239437,-82.0947036743164,-83.7501449584961,,
248661971.830986,-82.3446807861328,-84.1804656982422,,
250845070.422535,-81.9875335693359,-83.7070388793945,,
253028169.014085,-82.1612930297852,-83.5310363769531,,
255211267.605634,-82.2488098144531,-83.8147811889648,,
257394366.197183,-82.5676879882813,-83.8419494628906,,
259577464.788732,-82.6592559814453,-83.7823333740234,,
261760563.380282,-82.3245620727539,-83.6608123779297,,
263943661.971831,-82.2311630249023,-83.6993713378906,,
266126760.56338,-82.3108520507813,-83.7060928344727,,
268309859.15493,-82.6473770141602,-83.6341094970703,,
270492957.746479,-82.6053085327148,-83.8817749023438,,
272676056.338028,-82.6088104248047,-83.5052490234375,,
274859154.929577,-82.7941513061523,-83.912239074707,,
277042253.521127,-82.7126007080078,-83.8795318603516,,
279225352.112676,-82.1998062133789,-83.7504348754883,,
281408450.704225,-82.5696792602539,-83.9297180175781,,
283591549.295775,-82.7180633544922,-84.1976776123047,,
285774647.887324,-82.5198364257813,-83.8911285400391,,
287957746.478873,-82.8442077636719,-83.7441711425781,,
290140845.070423,-82.58740234375,-84.1463012695313,,
292323943.661972,-81.9869155883789,-83.6894683837891,,
294507042.253521,-82.2631454467773,-83.9493255615234,,
296690140.84507,-82.8012924194336,-83.9671325683594,,
298873239.43662,-82.611946105957,-83.8633346557617,,
301056338.028169,-82.6070709228516,-83.9349670410156,,
303239436.619718,-82.2099761962891,-83.6481704711914,,
305422535.211268,-82.3395919799805,-84.0521545410156,,
307605633.802817,-82.429801940918,-84.4066543579102,,
309788732.394366,-82.5422515869141,-83.7246627807617,,
311971830.985916,-82.3785171508789,-83.8378143310547,,
314154929.577465,-82.6583099365234,-83.8391494750977,,
316338028.169014,-82.6094360351563,-83.5716781616211,,
318521126.760563,-82.4897003173828,-83.5914001464844,,
320704225.352113,-82.5463562011719,-83.9579849243164,,
322887323.943662,-82.5103759765625,-83.7777481079102,,
325070422.535211,-82.7139282226563,-83.6964721679688,,
327253521.126761,-82.7562026977539,-83.9035415649414,,
329436619.71831,-82.7587432861328,-83.8456954956055,,
331619718.309859,-82.7150344848633,-83.5321350097656,,
333802816.901408,-82.4011840820313,-83.6954650878906,,
335985915.492958,-82.0288009643555,-83.2785568237305,,
338169014.084507,-82.571403503418,-83.8431243896484,,
340352112.676056,-82.6849746704102,-83.6739654541016,,
342535211.267606,-82.7550201416016,-83.733512878418,,
344718309.859155,-82.7047119140625,-83.785026550293,,
346901408.450704,-82.4428787231445,-83.7905654907227,,
349084507.042254,-82.5847702026367,-84.1518478393555,,
351267605.633803,-82.7837066650391,-83.902099609375,,
353450704.225352,-82.5293579101563,-83.9633178710938,,
355633802.816901,-82.6897048950195,-84.2249755859375,,
357816901.408451,-82.6902694702148,-84.0049591064453,,
360000000,-82.5855102539063,-83.8084259033203,,
362183098.591549,-82.8061828613281,-83.7212982177734,,
364366197.183099,-82.5436096191406,-83.6734237670898,,
366549295.774648,-82.578125,-83.8776779174805,,
368732394.366197,-83.1746444702148,-84.4000854492188,,
370915492.957747,-83.3049163818359,-84.7111511230469,,
373098591.549296,-83.6955490112305,-84.8069305419922,,
375281690.140845,-83.7790985107422,-84.66259765625,,
377464788.732394,-83.1768646240234,-84.6554107666016,,
379647887.323944,-83.4337005615234,-84.8172760009766,,
381830985.915493,-83.3077850341797,-84.7670288085938,,
384014084.507042,-83.5477905273438,-84.7320098876953,,
386197183.098592,-83.3104858398438,-84.8848266601563,,
388380281.690141,-83.2790222167969,-84.5560302734375,,
390563380.28169,-83.0215911865234,-84.4270477294922,,
392746478.873239,-83.671142578125,-85.2220764160156,,
394929577.464789,-83.0091552734375,-84.4818878173828,,
397112676.056338,-83.1264953613281,-84.5114288330078,,
399295774.647887,-83.1723175048828,-84.7329254150391,,
401478873.239437,-83.3283538818359,-84.6764221191406,,
403661971.830986,-83.0930786132813,-84.680419921875,,
405845070.422535,-83.2225494384766,-84.4754943847656,,
408028169.014085,-83.408447265625,-84.5439910888672,,
410211267.605634,-81.7744216918945,-82.7307281494141,,
412394366.197183,-81.9599380493164,-83.0498580932617,,
414577464.788732,-81.816276550293,-82.9708099365234,,
416760563.380282,-83.7502746582031,-84.6938781738281,,
418943661.971831,-83.6844787597656,-84.7105178833008,,
421126760.56338,-83.6520309448242,-84.8523788452148,,
423309859.15493,-83.5226669311523,-84.8843002319336,,
425492957.746479,-83.6815338134766,-84.8277740478516,,
427676056.338028,-83.7156066894531,-84.6666488647461,,
429859154.929577,-83.6184158325195,-84.4354400634766,,
432042253.521127,-83.5309677124023,-84.6205062866211,,
434225352.112676,-83.424446105957,-84.8895721435547,,
436408450.704225,-83.499382019043,-84.8207778930664,,
438591549.295775,-83.4532852172852,-85.1356353759766,,
440774647.887324,-83.1811065673828,-84.6161575317383,,
442957746.478873,-83.1882629394531,-84.489501953125,,
445140845.070423,-83.2685317993164,-84.5401153564453,,
447323943.661972,-83.4849014282227,-84.3708114624023,,
449507042.253521,-83.1925277709961,-84.6493530273438,,
451690140.84507,-83.0134735107422,-84.4564971923828,,
453873239.43662,-82.9244155883789,-84.3256607055664,,
456056338.028169,-83.2111968994141,-84.6035995483398,,
458239436.619718,-83.4286041259766,-84.2741622924805,,
460422535.211268,-83.3698043823242,-84.6047439575195,,
462605633.802817,-83.2306518554688,-84.5723342895508,,
464788732.394366,-83.4493026733398,-84.6843872070313,,
466971830.985916,-83.2411575317383,-84.6234359741211,,
469154929.577465,-83.143798828125,-84.478630065918,,
471338028.169014,-83.3490676879883,-84.6069564819336,,
473521126.760563,-83.6232681274414,-84.7079238891602,,
475704225.352113,-83.5541229248047,-84.7109909057617,,
477887323.943662,-83.2573165893555,-84.326057434082,,
480070422.535211,-82.9411773681641,-84.3154296875,,
482253521.126761,-83.3839721679688,-84.8521194458008,,
484436619.71831,-83.1647796630859,-84.6004943847656,,
486619718.309859,-83.5512466430664,-84.452262878418,,
488802816.901408,-83.3042907714844,-84.6371078491211,,
490985915.492958,-82.7137832641602,-84.3843841552734,,
493169014.084507,-82.7841873168945,-84.00244140625,,
495352112.676056,-83.2928161621094,-84.5354385375977,,
497535211.267606,-83.4777984619141,-84.4190368652344,,
499718309.859155,-83.7300720214844,-84.647102355957,,
501901408.450704,-83.398681640625,-84.6200637817383,,
504084507.042254,-83.3649673461914,-84.4891052246094,,
506267605.633803,-83.3320846557617,-84.5878143310547,,
508450704.225352,-83.6989669799805,-84.5481033325195,,
510633802.816901,-83.2567367553711,-84.5266799926758,,
512816901.408451,-83.2836532592773,-84.7868118286133,,
515000000,-83.459114074707,-84.8388214111328,,
517183098.591549,-83.3107223510742,-84.9132843017578,,
519366197.183099,-83.4474716186523,-84.9139175415039,,
521549295.774648,-83.490348815918,-84.4616012573242,,
523732394.366197,-83.1899795532227,-84.5748672485352,,
525915492.957747,-83.1397705078125,-84.5295181274414,,
528098591.549296,-83.0168228149414,-84.5764465332031,,
530281690.140845,-83.4428100585938,-85.2893447875977,,
532464788.732394,-82.9270095825195,-84.3942184448242,,
534647887.323944,-83.4682464599609,-84.7485275268555,,
536830985.915493,-83.1454238891602,-84.5899429321289,,
539014084.507042,-82.8887634277344,-84.1635055541992,,
541197183.098592,-83.1265487670898,-84.2699203491211,,
543380281.690141,-83.0129928588867,-84.6050109863281,,
545563380.28169,-83.2369232177734,-84.4218292236328,,
547746478.87324,-83.4092559814453,-84.3918762207031,,
549929577.464789,-83.2452392578125,-84.628173828125,,
552112676.056338,-83.0203170776367,-84.4056701660156,,
554295774.647887,-83.11083984375,-84.4965515136719,,
556478873.239437,-82.8498916625977,-84.3086547851563,,
558661971.830986,-83.1124496459961,-84.3079299926758,,
560845070.422535,-83.4903259277344,-84.4865951538086,,
563028169.014085,-82.9711456298828,-84.4719085693359,,
565211267.605634,-83.2314376831055,-84.687126159668,,
567394366.197183,-83.2434005737305,-84.5709609985352,,
569577464.788732,-82.725341796875,-84.1783981323242,,
571760563.380282,-82.9357376098633,-84.5664672851563,,
573943661.971831,-83.5247039794922,-84.568000793457,,
576126760.56338,-82.7443389892578,-84.5137329101563,,
578309859.15493,-83.3026580810547,-84.3828201293945,,
580492957.746479,-83.3198699951172,-84.7584991455078,,
582676056.338028,-83.3084564208984,-84.7089614868164,,
584859154.929578,-83.3768157958984,-84.7555389404297,,
587042253.521127,-83.4081802368164,-85.0408935546875,,
589225352.112676,-83.1201705932617,-84.5820693969727,,
591408450.704225,-83.1560745239258,-84.3445587158203,,
593591549.295775,-83.3649520874023,-84.4807357788086,,
595774647.887324,-83.1894607543945,-84.4519424438477,,
597957746.478873,-82.8895645141602,-84.578239440918,,
600140845.070423,-82.9288787841797,-84.3992462158203,,
602323943.661972,-83.3568878173828,-84.6181716918945,,
604507042.253521,-83.4281234741211,-84.4019241333008,,
606690140.84507,-83.2397003173828,-84.7083740234375,,
608873239.43662,-83.2962188720703,-84.5276412963867,,
611056338.028169,-83.1974411010742,-84.72265625,,
613239436.619718,-83.2126770019531,-84.462272644043,,
615422535.211268,-83.3039703369141,-84.6531372070313,,
617605633.802817,-83.4212341308594,-84.7532348632813,,
619788732.394366,-83.2609100341797,-84.5694122314453,,
621971830.985916,-83.3809814453125,-84.9019317626953,,
624154929.577465,-83.2733688354492,-84.3626251220703,,
626338028.169014,-83.2524795532227,-84.296012878418,,
628521126.760563,-83.0854797363281,-84.5033798217773,,
630704225.352113,-82.4185028076172,-84.269775390625,,
632887323.943662,-83.6748886108398,-84.7060852050781,,
635070422.535211,-83.4727935791016,-84.6168823242188,,
637253521.126761,-83.3595886230469,-84.8975524902344,,
639436619.71831,-83.5404510498047,-84.6645965576172,,
641619718.309859,-83.3492965698242,-84.6501998901367,,
643802816.901408,-83.6010513305664,-84.4419555664063,,
645985915.492958,-82.9595947265625,-84.333251953125,,
648169014.084507,-83.2459869384766,-84.3474502563477,,
650352112.676056,-83.2738037109375,-84.8387145996094,,
652535211.267606,-83.3836288452148,-84.7155303955078,,
654718309.859155,-83.4515075683594,-84.7532196044922,,
656901408.450704,-83.4326019287109,-84.8185653686523,,
659084507.042254,-83.0026779174805,-84.2605361938477,,
661267605.633803,-82.8000946044922,-84.4216918945313,,
663450704.225352,-83.4193420410156,-84.6701431274414,,
665633802.816901,-83.33837890625,-84.6910781860352,,
667816901.408451,-83.4911499023438,-84.6260528564453,,
670000000,-83.6150054931641,-84.6772079467773,,
672183098.591549,-83.4326248168945,-85.0786895751953,,
674366197.183099,-83.2355804443359,-84.8325958251953,,
676549295.774648,-83.2936782836914,-84.4349136352539,,
678732394.366197,-83.2024917602539,-84.6104431152344,,
680915492.957747,-83.5442123413086,-84.9097442626953,,
683098591.549296,-83.4047164916992,-84.4828338623047,,
685281690.140845,-83.3387680053711,-84.763053894043,,
687464788.732394,-83.4058380126953,-84.3785552978516,,
689647887.323944,-81.9084930419922,-83.9353408813477,,
691830985.915493,-82.6474380493164,-84.7374801635742,,
694014084.507042,-82.9232940673828,-84.4898681640625,,
696197183.098592,-83.4572448730469,-84.5643920898438,,
698380281.690141,-83.3695068359375,-84.5760650634766,,
700563380.28169,-83.5711441040039,-84.6487503051758,,
702746478.87324,-83.6213912963867,-84.5939407348633,,
704929577.464789,-83.2291870117188,-84.5135345458984,,
707112676.056338,-83.2311706542969,-84.2615585327148,,
709295774.647887,-83.3414306640625,-84.4484786987305,,
711478873.239437,-83.2674331665039,-84.4294128417969,,
713661971.830986,-82.9786758422852,-84.6768951416016,,
715845070.422535,-83.056755065918,-84.5706634521484,,
718028169.014085,-83.1582336425781,-84.5136642456055,,
720211267.605634,-83.0518188476563,-84.4022445678711,,
722394366.197183,-83.3363342285156,-84.6845626831055,,
724577464.788732,-83.2700881958008,-84.3465728759766,,
726760563.380282,-83.5853500366211,-84.6553192138672,,
728943661.971831,-83.5119018554688,-84.7676467895508,,
731126760.56338,-83.3322525024414,-84.4948959350586,,
733309859.15493,-83.3231811523438,-84.779296875,,
735492957.746479,-83.5552062988281,-84.5553207397461,,
737676056.338028,-83.0005950927734,-84.3808898925781,,
739859154.929577,-83.0868072509766,-84.3759155273438,,
742042253.521127,-83.4065017700195,-84.3277816772461,,
744225352.112676,-83.1457748413086,-84.4867935180664,,
746408450.704225,-83.3405151367188,-84.4328079223633,,
748591549.295775,-82.9664077758789,-84.4605102539063,,
750774647.887324,-82.6687088012695,-84.4407501220703,,
752957746.478873,-83.0884323120117,-84.3795928955078,,
755140845.070423,-83.2537612915039,-84.3344116210938,,
757323943.661972,-83.3359298706055,-84.5691604614258,,
759507042.253521,-83.3273391723633,-84.3757781982422,,
761690140.84507,-83.3549575805664,-84.6008834838867,,
763873239.43662,-83.2102737426758,-84.5633773803711,,
766056338.028169,-83.1744766235352,-84.6913070678711,,
768239436.619718,-83.2118301391602,-84.8412704467773,,
770422535.211268,-83.2286071777344,-84.5785369873047,,
772605633.802817,-83.3357543945313,-84.5479125976563,,
774788732.394366,-83.5408248901367,-84.8467712402344,,
776971830.985916,-83.2322235107422,-84.9276962280273,,
779154929.577465,-83.1180114746094,-84.3732299804688,,
781338028.169014,-83.3314208984375,-84.5864868164063,,
783521126.760563,-83.3124160766602,-84.8291473388672,,
785704225.352113,-83.0124588012695,-84.5395889282227,,
787887323.943662,-83.329345703125,-84.4258651733398,,
790070422.535211,-83.3842620849609,-84.2435302734375,,
792253521.126761,-83.376220703125,-84.5417175292969,,
794436619.71831,-83.1151123046875,-84.3584747314453,,
796619718.309859,-81.7231597900391,-82.87060546875,,
798802816.901409,-82.1385955810547,-83.8103332519531,,
800985915.492958,-83.2122116088867,-84.2081527709961,,
803169014.084507,-82.6954498291016,-84.2642364501953,,
805352112.676056,-83.1518402099609,-84.3157043457031,,
807535211.267606,-83.2816314697266,-84.1016311645508,,
809718309.859155,-82.879997253418,-84.5218048095703,,
811901408.450704,-82.9711837768555,-84.0880508422852,,
814084507.042254,-82.9741592407227,-84.1903305053711,,
816267605.633803,-83.3978729248047,-84.3694000244141,,
818450704.225352,-83.1091537475586,-84.3441772460938,,
820633802.816901,-83.3473434448242,-84.3180770874023,,
822816901.408451,-83.2909240722656,-84.15625,,
825000000,-82.6803207397461,-84.4596328735352,,
827183098.591549,-82.9636077880859,-84.5150833129883,,
829366197.183099,-83.1320953369141,-84.0722427368164,,
831549295.774648,-82.8161087036133,-84.3008422851563,,
833732394.366197,-82.9638824462891,-84.3046188354492,,
835915492.957747,-82.7540588378906,-84.2002410888672,,
838098591.549296,-82.8162384033203,-84.3388824462891,,
840281690.140845,-82.8792953491211,-84.2171249389648,,
842464788.732394,-82.688102722168,-84.1051940917969,,
844647887.323944,-82.7284698486328,-84.2437133789063,,
846830985.915493,-82.9226837158203,-84.0225830078125,,
849014084.507042,-82.9530639648438,-83.9352111816406,,
851197183.098592,-82.8580322265625,-84.2475280761719,,
853380281.690141,-82.7021255493164,-84.2361679077148,,
855563380.28169,-82.9406433105469,-84.2836151123047,,
857746478.87324,-82.9858169555664,-84.3320693969727,,
859929577.464789,-82.7587661743164,-84.137077331543,,
862112676.056338,-83.2835845947266,-84.2821350097656,,
864295774.647887,-82.8796157836914,-84.1299438476563,,
866478873.239437,-82.6865158081055,-83.9207992553711,,
868661971.830986,-82.9316253662109,-84.1774597167969,,
870845070.422535,-83.0069274902344,-84.1282196044922,,
873028169.014085,-82.7330780029297,-84.1801605224609,,
875211267.605634,-82.857421875,-84.2904357910156,,
877394366.197183,-83.0148239135742,-83.8541259765625,,
879577464.788732,-82.9545669555664,-83.8349685668945,,
881760563.380282,-82.7356643676758,-83.7962951660156,,
883943661.971831,-82.7857360839844,-84.3385162353516,,
886126760.56338,-82.9522933959961,-84.1124649047852,,
888309859.15493,-83.2273712158203,-84.2229156494141,,
890492957.746479,-82.9241638183594,-84.2746887207031,,
892676056.338028,-82.8788604736328,-84.1114501953125,,
894859154.929577,-82.6771774291992,-84.1537475585938,,
897042253.521127,-82.9993515014648,-84.3631134033203,,
899225352.112676,-82.9640426635742,-84.2903671264648,,
901408450.704225,-83.172004699707,-84.3699645996094,,
903591549.295775,-82.8137817382813,-84.2725143432617,,
905774647.887324,-83.0311737060547,-84.0412368774414,,
907957746.478873,-83.0343933105469,-84.1344223022461,,
910140845.070423,-82.9791564941406,-84.421012878418,,
912323943.661972,-82.8931579589844,-84.1467666625977,,
914507042.253521,-82.9452896118164,-84.2691116333008,,
916690140.84507,-83.1974487304688,-84.2103424072266,,
918873239.43662,-82.8138046264648,-84.1404037475586,,
921056338.028169,-83.0525283813477,-84.3070907592773,,
923239436.619718,-82.9757995605469,-84.0246200561523,,
925422535.211268,-82.9951248168945,-84.1281433105469,,
927605633.802817,-82.9841384887695,-84.0622482299805,,
929788732.394366,-82.7316207885742,-83.8943557739258,,
931971830.985916,-82.8978042602539,-84.096794128418,,
934154929.577465,-82.9829177856445,-84.4644775390625,,
936338028.169014,-82.6350326538086,-84.1635131835938,,
938521126.760563,-83.2050933837891,-84.1340713500977,,
940704225.352113,-83.1871795654297,-84.3927230834961,,
942887323.943662,-82.8099899291992,-84.3755264282227,,
945070422.535211,-82.9529647827148,-84.5045318603516,,
947253521.126761,-83.1121139526367,-84.3997421264648,,
949436619.71831,-82.8899536132813,-84.1199569702148,,
951619718.309859,-83.0259246826172,-83.9483184814453,,
953802816.901409,-83.1205749511719,-84.1576614379883,,
955985915.492958,-82.7010040283203,-83.6365051269531,,
958169014.084507,-82.4790954589844,-84.0985717773438,,
960352112.676056,-82.8273315429688,-83.92138671875,,
962535211.267606,-82.8951644897461,-83.9463043212891,,
964718309.859155,-83.0833282470703,-84.1555328369141,,
966901408.450704,-83.1707458496094,-84.2768783569336,,
969084507.042254,-83.1512069702148,-84.2020416259766,,
971267605.633803,-82.7048645019531,-84.1653747558594,,
973450704.225352,-82.9348449707031,-84.0224380493164,,
975633802.816901,-83.0102081298828,-84.2823944091797,,
977816901.408451,-83.3661956787109,-84.5673294067383,,
980000000,-82.9834747314453,-84.5160522460938,,
982183098.591549,-83.0238800048828,-84.1547012329102,,
984366197.183099,-83.0651702880859,-84.2615966796875,,
986549295.774648,-83.0270462036133,-84.1076965332031,,
988732394.366197,-82.8421936035156,-83.9461669921875,,
990915492.957747,-82.9420166015625,-84.3362579345703,,
993098591.549296,-82.9236679077148,-84.2199478149414,,
995281690.140845,-83.26513671875,-84.4914855957031,,
997464788.732394,-82.9609222412109,-84.2783508300781,,
999647887.323944,-82.8794174194336,-84.2182540893555,,
1001830985.91549,-83.1767044067383,-84.2862319946289,,
1004014084.50704,-82.973747253418,-84.2130813598633,,
1006197183.09859,-82.8068542480469,-84.3345031738281,,
1008380281.69014,-82.7647018432617,-83.951057434082,,
1010563380.28169,-82.8667373657227,-84.0707855224609,,
1012746478.87324,-82.69873046875,-84.0480041503906,,
1014929577.46479,-82.9709930419922,-84.0620422363281,,
1017112676.05634,-83.0252685546875,-84.1415710449219,,
1019295774.64789,-82.8341674804688,-84.0319137573242,,
1021478873.23944,-83.1167297363281,-84.1868438720703,,
1023661971.83099,-82.9803237915039,-84.3690338134766,,
1025845070.42254,-83.0854797363281,-84.2035751342773,,
1028028169.01408,-83.144172668457,-84.4148178100586,,
1030211267.60563,-82.9556655883789,-84.0469055175781,,
1032394366.19718,-82.8992004394531,-84.2053833007813,,
1034577464.78873,-82.8681182861328,-84.2404937744141,,
1036760563.38028,-82.8120269775391,-83.9832000732422,,
1038943661.97183,-82.9604568481445,-84.290283203125,,
1041126760.56338,-83.1246795654297,-84.0966796875,,
1043309859.15493,-82.7986679077148,-84.2875289916992,,
1045492957.74648,-82.8601226806641,-84.6482849121094,,
1047676056.33803,-83.1151504516602,-84.5272445678711,,
1049859154.92958,-82.9537811279297,-83.9031753540039,,
1052042253.52113,-82.9472503662109,-84.3007507324219,,
1054225352.11268,-82.927604675293,-84.0886688232422,,
1056408450.70423,-82.9064865112305,-84.1667404174805,,
1058591549.29577,-82.7289199829102,-84.2212142944336,,
1060774647.88732,-82.7160034179688,-84.2404327392578,,
1062957746.47887,-82.9231567382813,-84.2619094848633,,
1065140845.07042,-82.7237930297852,-84.1265106201172,,
1067323943.66197,-82.6386108398438,-83.9394454956055,,
1069507042.25352,-82.666633605957,-84.1217193603516,,
1071690140.84507,-82.9751281738281,-84.2041702270508,,
1073873239.43662,-82.9745101928711,-84.3028793334961,,
1076056338.02817,-83.1059875488281,-84.3686294555664,,
1078239436.61972,-82.841796875,-84.0406036376953,,
1080422535.21127,-82.8979034423828,-84.0898208618164,,
1082605633.80282,-83.1902160644531,-84.1671295166016,,
1084788732.39437,-83.1205978393555,-84.4304351806641,,
1086971830.98592,-82.8203659057617,-84.3257141113281,,
1089154929.57746,-83.0867614746094,-84.2477416992188,,
1091338028.16901,-82.8827972412109,-84.2105255126953,,
1093521126.76056,-83.1260147094727,-83.9638748168945,,
1095704225.35211,-83.1158752441406,-84.0289154052734,,
1097887323.94366,-83.0927658081055,-84.2129211425781,,
1100070422.53521,-83.0615768432617,-84.0967636108398,,
1102253521.12676,-82.8346481323242,-84.1474685668945,,
1104436619.71831,-82.4872589111328,-84.1019668579102,,
1106619718.30986,-82.8891143798828,-84.2453689575195,,
1108802816.90141,-83.1663589477539,-84.264762878418,,
1110985915.49296,-83.306396484375,-84.1996002197266,,
1113169014.08451,-82.8351898193359,-83.9288787841797,,
1115352112.67606,-82.1580657958984,-83.5745391845703,,
1117535211.26761,-82.4219665527344,-84.1024322509766,,
1119718309.85916,-83.0564346313477,-84.6249618530273,,
1121901408.4507,-83.2568283081055,-84.2742691040039,,
1124084507.04225,-83.1501922607422,-84.1327209472656,,
1126267605.6338,-83.0567245483398,-84.2668380737305,,
1128450704.22535,-82.9708023071289,-84.1167755126953,,
1130633802.8169,-82.7923736572266,-83.8870468139648,,
1132816901.40845,-83.050407409668,-84.23388671875,,
1135000000,-82.6387252807617,-84.227165222168,,
1137183098.59155,-82.6677398681641,-84.330207824707,,
1139366197.1831,-82.6716156005859,-83.9387512207031,,
1141549295.77465,-82.8385162353516,-83.9667358398438,,
1143732394.3662,-83.091438293457,-83.976806640625,,
1145915492.95775,-82.6236419677734,-83.9654159545898,,
1148098591.5493,-82.9329452514648,-84.123161315918,,
1150281690.14085,-83.0039291381836,-84.4309616088867,,
1152464788.73239,-83.3231735229492,-84.4608306884766,,
1154647887.32394,-83.0009841918945,-84.3192367553711,,
1156830985.91549,-83.1492156982422,-84.3711929321289,,
1159014084.50704,-83.0943756103516,-84.4419250488281,,
1161197183.09859,-82.9728088378906,-84.1867904663086,,
1163380281.69014,-82.9626312255859,-84.1172256469727,,
1165563380.28169,-82.9138412475586,-83.9923782348633,,
1167746478.87324,-82.8508071899414,-83.8851776123047,,
1169929577.46479,-82.863525390625,-83.9670715332031,,
1172112676.05634,-83.2336196899414,-84.2711029052734,,
1174295774.64789,-83.0774917602539,-84.1360855102539,,
1176478873.23944,-83.0909576416016,-84.4016876220703,,
1178661971.83099,-83.0157852172852,-84.3396759033203,,
1180845070.42254,-83.0550689697266,-84.2126541137695,,
1183028169.01408,-83.0321960449219,-84.1881790161133,,
1185211267.60563,-82.7490615844727,-84.0675582885742,,
1187394366.19718,-82.9910888671875,-84.4159774780273,,
1189577464.78873,-83.0081634521484,-84.3988800048828,,
1191760563.38028,-82.9102401733398,-84.2865600585938,,
1193943661.97183,-82.8914260864258,-83.9905700683594,,
1196126760.56338,-82.7464447021484,-84.3498077392578,,
1198309859.15493,-83.0725479125977,-83.8988418579102,,
1200492957.74648,-81.7889785766602,-83.1062088012695,,
1202676056.33803,-81.9405517578125,-82.9236297607422,,
1204859154.92958,-81.9823989868164,-83.1119842529297,,
1207042253.52113,-81.796501159668,-83.0542526245117,,
1209225352.11268,-82.0146942138672,-83.1758880615234,,
1211408450.70423,-81.9484939575195,-83.1075668334961,,
1213591549.29577,-81.5944595336914,-83.2914886474609,,
1215774647.88732,-82.0137405395508,-83.1730422973633,,
1217957746.47887,-81.6505966186523,-82.9422378540039,,
1220140845.07042,-82.1993560791016,-83.4468841552734,,
1222323943.66197,-81.7654342651367,-82.9911422729492,,
1224507042.25352,-81.5122680664063,-83.2412490844727,,
1226690140.84507,-81.925537109375,-82.9856109619141,,
1228873239.43662,-81.8442764282227,-83.0874633789063,,
1231056338.02817,-81.5918273925781,-82.9809036254883,,
1233239436.61972,-81.9169845581055,-83.2925872802734,,
1235422535.21127,-81.6177749633789,-83.2558746337891,,
1237605633.80282,-82.0665130615234,-83.2108612060547,,
1239788732.39437,-82.0480346679688,-83.2629776000977,,
1241971830.98592,-82.0807266235352,-83.2756423950195,,
1244154929.57746,-81.6941070556641,-83.1386337280273,,
1246338028.16901,-81.7147445678711,-83.1282348632813,,
1248521126.76056,-81.9980773925781,-82.943489074707,,
1250704225.35211,-82.0137405395508,-82.9099044799805,,
1252887323.94366,-81.9544372558594,-83.2661666870117,,
1255070422.53521,-81.7747497558594,-83.0735931396484,,
1257253521.12676,-81.5686340332031,-82.9567565917969,,
1259436619.71831,-81.8774185180664,-83.062873840332,,
1261619718.30986,-81.6868133544922,-82.9544372558594,,
1263802816.90141,-82.0508651733398,-83.2188491821289,,
1265985915.49296,-81.9073944091797,-83.0124053955078,,
1268169014.08451,-82.1378631591797,-83.0665817260742,,
1270352112.67606,-81.9338912963867,-83.2934722900391,,
1272535211.26761,-82.1456909179688,-83.3569107055664,,
1274718309.85915,-82.0314178466797,-82.9730072021484,,
1276901408.4507,-82.0969085693359,-83.1193313598633,,
1279084507.04225,-81.8895721435547,-83.0983657836914,,
1281267605.6338,-82.0588302612305,-83.2636260986328,,
1283450704.22535,-82.2019653320313,-83.2053756713867,,
1285633802.8169,-81.7710342407227,-83.2609405517578,,
1287816901.40845,-82.061767578125,-83.2039260864258,,
1290000000,-81.6763763427734,-83.0956573486328,,
1292183098.59155,-82.106689453125,-83.1231689453125,,
1294366197.1831,-81.9253616333008,-82.9327621459961,,
1296549295.77465,-81.9834365844727,-83.0776672363281,,
1298732394.3662,-82.0333023071289,-83.2699356079102,,
1300915492.95775,-81.8638763427734,-83.0894927978516,,
1303098591.5493,-81.8160247802734,-83.6368865966797,,
1305281690.14085,-81.8772888183594,-83.4429244995117,,
1307464788.73239,-81.9590759277344,-83.1873550415039,,
1309647887.32394,-82.030647277832,-83.2575607299805,,
1311830985.91549,-82.0194549560547,-83.302978515625,,
1314014084.50704,-82.1939239501953,-83.1885375976563,,
1316197183.09859,-81.8032531738281,-83.3790588378906,,
1318380281.69014,-82.137336730957,-83.3022918701172,,
1320563380.28169,-82.1145553588867,-83.3354339599609,,
1322746478.87324,-81.9391784667969,-82.8930282592773,,
1324929577.46479,-81.852783203125,-83.2452545166016,,
1327112676.05634,-82.0167465209961,-82.9341888427734,,
1329295774.64789,-81.9931182861328,-83.3698577880859,,
1331478873.23944,-81.9703979492188,-82.9992370605469,,
1333661971.83099,-81.7190704345703,-83.4776611328125,,
1335845070.42254,-82.1156692504883,-83.1586380004883,,
1338028169.01408,-81.839973449707,-83.2772521972656,,
1340211267.60563,-81.6426010131836,-83.2191696166992,,
1342394366.19718,-81.878791809082,-83.1340942382813,,
1344577464.78873,-82.0757522583008,-83.3839111328125,,
1346760563.38028,-81.6059112548828,-83.2202377319336,,
1348943661.97183,-82.034912109375,-83.2844085693359,,
1351126760.56338,-81.9720611572266,-83.1299209594727,,
1353309859.15493,-82.0441284179688,-82.963508605957,,
1355492957.74648,-82.0812683105469,-83.3446578979492,,
1357676056.33803,-82.0701904296875,-83.2256774902344,,
1359859154.92958,-82.1417388916016,-83.1023635864258,,
1362042253.52113,-82.0579376220703,-83.1557998657227,,
1364225352.11268,-82.251823425293,-83.3761215209961,,
1366408450.70423,-81.7235260009766,-83.2798461914063,,
1368591549.29577,-81.6644973754883,-83.5244140625,,
1370774647.88732,-82.3000106811523,-83.2201232910156,,
1372957746.47887,-81.9744644165039,-83.109016418457,,
1375140845.07042,-81.9426422119141,-83.1215591430664,,
1377323943.66197,-82.3664932250977,-83.1462860107422,,
1379507042.25352,-81.9286804199219,-83.2911376953125,,
1381690140.84507,-81.8801193237305,-83.2052459716797,,
1383873239.43662,-82.0362319946289,-83.1693954467773,,
1386056338.02817,-82.1315612792969,-83.4680404663086,,
1388239436.61972,-82.1090469360352,-83.1543884277344,,
1390422535.21127,-82.2873840332031,-83.3442916870117,,
1392605633.80282,-82.2817001342773,-83.2529602050781,,
1394788732.39437,-82.2283020019531,-83.1641311645508,,
1396971830.98592,-82.1505737304688,-83.2480621337891,,
1399154929.57746,-82.3483200073242,-83.4934463500977,,
1401338028.16901,-82.7755813598633,-83.8095397949219,,
1403521126.76056,-82.2090225219727,-83.4992294311523,,
1405704225.35211,-82.4322738647461,-83.8010177612305,,
1407887323.94366,-82.3519439697266,-83.6761016845703,,
1410070422.53521,-82.4622192382813,-83.7752227783203,,
1412253521.12676,-82.6373519897461,-83.807746887207,,
1414436619.71831,-82.291633605957,-83.6103286743164,,
1416619718.30986,-82.3114700317383,-83.5746307373047,,
1418802816.90141,-82.361198425293,-83.6244049072266,,
1420985915.49296,-82.3952713012695,-83.3334426879883,,
1423169014.08451,-82.1077575683594,-83.2210159301758,,
1425352112.67606,-82.4477005004883,-83.6467056274414,,
1427535211.26761,-82.3177337646484,-83.3507537841797,,
1429718309.85915,-82.4281234741211,-83.910041809082,,
1431901408.4507,-82.5247955322266,-83.5978088378906,,
1434084507.04225,-82.183708190918,-83.6403656005859,,
1436267605.6338,-82.4020690917969,-83.7977600097656,,
1438450704.22535,-82.0488357543945,-83.6390075683594,,
1440633802.8169,-82.4319763183594,-83.5534744262695,,
1442816901.40845,-82.2903747558594,-83.7116775512695,,
1445000000,-82.3775787353516,-83.5731887817383,,
1447183098.59155,-82.3382797241211,-83.7031631469727,,
1449366197.1831,-82.3307113647461,-83.4305572509766,,
1451549295.77465,-82.6137847900391,-83.7978820800781,,
1453732394.3662,-82.1973037719727,-83.6740875244141,,
1455915492.95775,-82.3903045654297,-83.6799011230469,,
1458098591.5493,-82.3619232177734,-83.5745086669922,,
1460281690.14085,-82.422721862793,-83.6837768554688,,
1462464788.73239,-82.2208938598633,-83.8691711425781,,
1464647887.32394,-82.1227493286133,-83.3508224487305,,
1466830985.91549,-82.2947616577148,-83.5427780151367,,
1469014084.50704,-82.2957611083984,-83.4182662963867,,
1471197183.09859,-82.3179321289063,-83.6387786865234,,
1473380281.69014,-82.3982086181641,-83.6450576782227,,
1475563380.28169,-82.4221267700195,-83.366455078125,,
1477746478.87324,-82.3791961669922,-83.9195098876953,,
1479929577.46479,-82.306510925293,-84.0575485229492,,
1482112676.05634,-82.2657852172852,-84.0225982666016,,
1484295774.64789,-82.2304306030273,-83.5000610351563,,
1486478873.23944,-82.1189651489258,-83.5559158325195,,
1488661971.83099,-82.1507415771484,-83.5504531860352,,
1490845070.42254,-82.2926559448242,-83.5552597045898,,
1493028169.01408,-82.1338424682617,-83.2867126464844,,
1495211267.60563,-82.3642120361328,-83.4354782104492,,
1497394366.19718,-82.3632202148438,-83.3893280029297,,
1499577464.78873,-82.1480941772461,-83.4416809082031,,
1501760563.38028,-82.5130920410156,-83.7738037109375,,
1503943661.97183,-82.2943878173828,-83.5517807006836,,
1506126760.56338,-82.3202667236328,-83.6312255859375,,
1508309859.15493,-82.6782302856445,-83.7134857177734,,
1510492957.74648,-82.4089431762695,-83.8242034912109,,
1512676056.33803,-82.4840393066406,-83.7630920410156,,
1514859154.92958,-82.2260818481445,-83.4451599121094,,
1517042253.52113,-82.2303771972656,-83.4660034179688,,
1519225352.11268,-82.0641937255859,-83.359619140625,,
1521408450.70423,-82.1817245483398,-83.4655303955078,,
1523591549.29577,-82.0715637207031,-83.5430450439453,,
1525774647.88732,-82.3945159912109,-83.2353286743164,,
1527957746.47887,-82.3142623901367,-83.3136215209961,,
1530140845.07042,-82.1964492797852,-83.5863647460938,,
1532323943.66197,-82.2928314208984,-83.364143371582,,
1534507042.25352,-82.1206817626953,-83.3079986572266,,
1536690140.84507,-81.9743347167969,-83.0527191162109,,
1538873239.43662,-82.2495193481445,-83.4111251831055,,
1541056338.02817,-82.1574096679688,-83.3124923706055,,
1543239436.61972,-81.9041213989258,-83.5100173950195,,
1545422535.21127,-82.1874237060547,-83.3802719116211,,
1547605633.80282,-81.8830413818359,-83.0666046142578,,
1549788732.39437,-81.9404373168945,-83.0334625244141,,
1551971830.98592,-82.0536117553711,-83.0849990844727,,
1554154929.57746,-81.9234085083008,-83.2337646484375,,
1556338028.16901,-82.0258102416992,-83.0167617797852,,
1558521126.76056,-82.0543899536133,-83.2497100830078,,
1560704225.35211,-82.2153625488281,-83.2006607055664,,
1562887323.94366,-82.061882019043,-83.0697326660156,,
1565070422.53521,-81.9629211425781,-83.2118301391602,,
1567253521.12676,-82.1272125244141,-83.2008666992188,,
1569436619.71831,-82.2490615844727,-83.325798034668,,
1571619718.30986,-81.949592590332,-83.8013229370117,,
1573802816.90141,-81.9796142578125,-83.2238464355469,,
1575985915.49296,-82.082649230957,-83.0146560668945,,
1578169014.08451,-81.7751922607422,-83.3996887207031,,
1580352112.67606,-81.5826873779297,-82.8978424072266,,
1582535211.26761,-81.8658676147461,-83.3459014892578,,
1584718309.85915,-81.984619140625,-83.0178375244141,,
1586901408.4507,-81.7633056640625,-83.4102783203125,,
1589084507.04225,-82.0667724609375,-82.8651504516602,,
1591267605.6338,-82.0207061767578,-82.9399032592773,,
1593450704.22535,-81.9609527587891,-82.9263687133789,,
1595633802.8169,-81.9856033325195,-83.4723129272461,,
1597816901.40845,-82.1554565429688,-83.1650772094727,,
1600000000,-82.1554565429688,-83.1650772094727,,
